160614_video_above,1119
160614_video_above,1120
160614_video_above,1121
160614_video_above,1122
160614_video_above,1123
160614_video_above,1124
160614_video_above,1125
160614_video_above,1126
160614_video_above,1127
160614_video_above,1128
160614_video_above,1129
160614_video_above,1130
160614_video_above,1131
160614_video_above,1132
160614_video_above,1133
160614_video_above,1134
160614_video_above,1135
160614_video_above,1136
160614_video_above,1137
160614_video_above,1138
160614_video_above,1139
160614_video_above,1140
160614_video_above,1141
160614_video_above,1142
160614_video_above,1143
160614_video_above,1144
160614_video_above,1145
160614_video_above,1146
160614_video_above,1147
160614_video_above,1148
160614_video_above,1149
160614_video_above,1150
160614_video_above,1151
160614_video_above,1152
160614_video_above,1153
160614_video_above,1154
160614_video_above,1155
160614_video_above,1156
160614_video_above,1157
160614_video_above,1158
160614_video_above,1159
160614_video_above,1160
160614_video_above,1163
160614_video_above,1164
160614_video_above,1165
160614_video_above,1166
160614_video_above,1167
160614_video_above,1168
160614_video_above,1169
160614_video_above,1170
160614_video_above,1191
160614_video_above,1192
160614_video_above,1193
160614_video_above,1194
160614_video_above,1195
160614_video_above,1196
160614_video_above,1197
160614_video_above,1198
160614_video_above,1199
160614_video_above,1200
160614_video_above,1201
160614_video_above,1202
160614_video_above,1203
160614_video_above,1204
160614_video_above,1205
160614_video_above,1206
160614_video_above,1207
160614_video_above,1208
160614_video_above,1209
160614_video_above,1210
160614_video_above,1211
160614_video_above,1212
160614_video_above,1213
160614_video_above,1214
160614_video_above,1215
160614_video_above,1216
160614_video_above,1231
160614_video_above,1232
160614_video_above,1233
160614_video_above,1234
160614_video_above,1235
160614_video_above,1236
160614_video_above,1237
160614_video_above,1238
160614_video_above,1239
160614_video_above,1240
160614_video_above,1241
160614_video_above,1242
160614_video_above,1257
160614_video_above,1283
160614_video_above,1284
160614_video_above,1285
160614_video_above,1286
160614_video_above,1287
160614_video_above,1298
160614_video_above,1299
160614_video_above,1300
160614_video_above,1301
160614_video_above,1302
160614_video_above,1310
160614_video_above,1311
160614_video_above,1312
160614_video_above,1320
160614_video_above,1321
160614_video_above,1322
160614_video_above,1323
160614_video_above,1324
160614_video_above,1325
160614_video_above,1326
160614_video_above,1327
160614_video_above,1328
160614_video_above,1329
160614_video_above,1330
160614_video_above,1331
160614_video_above,1332
160614_video_above,1333
160614_video_above,1334
160614_video_above,1335
160614_video_above,1336
160614_video_above,1337
160614_video_above,1338
160614_video_above,1339
160614_video_above,1340
160614_video_above,1341
160614_video_above,1342
160614_video_above,1343
160614_video_above,1344
160614_video_above,1345
160614_video_above,1346
160614_video_above,1347
160614_video_above,1348
160614_video_above,1349
160614_video_above,1350
160614_video_above,1351
160614_video_above,1352
160614_video_above,1353
160614_video_above,1354
160614_video_above,1355
160614_video_above,1356
160614_video_above,1357
160614_video_above,1358
160614_video_above,1359
160614_video_above,1366
160614_video_above,1367
160614_video_above,1368
160614_video_above,1369
160614_video_above,1370
160614_video_above,1371
160614_video_above,1372
160614_video_above,1373
160614_video_above,1374
160614_video_above,1375
160614_video_above,1376
160614_video_above,1377
160614_video_above,1378
160614_video_above,1379
160614_video_above,1380
160614_video_above,1381
160614_video_above,1382
160614_video_above,1383
160614_video_above,1384
160614_video_above,1385
160614_video_above,1386
160614_video_above,1387
160614_video_above,1388
160614_video_above,1397
160614_video_above,1398
160614_video_above,1416
160614_video_above,1417
160614_video_above,1418
160614_video_above,1419
160614_video_above,1420
160614_video_above,1421
160614_video_above,1422
160614_video_above,1423
160614_video_above,1424
160614_video_above,1425
160614_video_above,1426
160614_video_above,1427
160614_video_above,1428
160614_video_above,1429
160614_video_above,1430
160614_video_above,1431
160614_video_above,1432
160614_video_above,1433
160614_video_above,1434
160614_video_above,1435
160614_video_above,1436
160614_video_above,1437
160614_video_above,1438
160614_video_above,1439
160614_video_above,1440
160614_video_above,1441
160614_video_above,1442
160614_video_above,1443
160614_video_above,1444
160614_video_above,1445
160614_video_above,1446
160614_video_above,1450
160614_video_above,1451
160614_video_above,1548
160614_video_above,1549
160614_video_above,1556
160614_video_above,1557
160614_video_above,1558
160614_video_above,1559
160614_video_above,1560
160614_video_above,1561
160614_video_above,1562
160614_video_above,1563
160614_video_above,1564
160614_video_above,1565
160614_video_above,1566
160614_video_above,1567
160614_video_above,1568
160614_video_above,1569
160614_video_above,1570
160614_video_above,1571
160614_video_above,1572
160614_video_above,1573
160614_video_above,1574
160614_video_above,1575
160614_video_above,1576
160614_video_above,1577
160614_video_above,1578
160614_video_above,1579
160614_video_above,1580
160614_video_above,1581
160614_video_above,1582
160614_video_above,1583
160614_video_above,1584
160614_video_above,1585
160614_video_above,1586
160614_video_above,1587
160614_video_above,1588
160614_video_above,1589
160614_video_above,1590
160614_video_above,1591
160614_video_above,1592
160614_video_above,1593
160614_video_above,1594
160614_video_above,1595
160614_video_above,1596
160614_video_above,1597
160614_video_above,1598
160614_video_above,1599
160614_video_above,1600
160614_video_above,1601
160614_video_above,1602
160614_video_above,1603
160614_video_above,1604
160614_video_above,1605
160614_video_above,1606
160614_video_above,1607
160614_video_above,1608
160614_video_above,1609
160614_video_above,1610
160614_video_above,1611
160614_video_above,1612
160614_video_above,1613
160614_video_above,1614
160614_video_above,1615
160614_video_above,1616
160614_video_above,1617
160614_video_above,1618
160614_video_above,1619
160614_video_above,1620
160614_video_above,1621
160614_video_above,1622
160614_video_above,1623
160614_video_above,1624
160614_video_above,1625
160614_video_above,1626
160614_video_above,1627
160614_video_above,1628
160614_video_above,1629
160614_video_above,1630
160614_video_above,1631
160614_video_above,1632
160614_video_above,1633
160614_video_above,1634
160614_video_above,1635
160614_video_above,1636
160614_video_above,1637
160614_video_above,1638
160614_video_above,1639
160614_video_above,1640
160614_video_above,1641
160614_video_above,1642
160614_video_above,1643
160614_video_above,1644
160614_video_above,1645
160614_video_above,1646
160614_video_above,1647
160614_video_above,1648
160614_video_above,1649
160614_video_above,1650
160614_video_above,1651
160614_video_above,1652
160614_video_above,1653
160614_video_above,1654
160614_video_above,1655
160614_video_above,1656
160614_video_above,1657
160614_video_above,1658
160614_video_above,1659
160614_video_above,1660
160614_video_above,1661
160614_video_above,1662
160614_video_above,1663
160614_video_above,1664
160614_video_above,1665
160614_video_above,1666
160614_video_above,1667
160614_video_above,1668
160614_video_above,1669
160614_video_above,1670
160614_video_above,1671
160614_video_above,1672
160614_video_above,1673
160614_video_above,1674
160614_video_above,1675
160614_video_above,1676
160614_video_above,1677
160614_video_above,1678
160614_video_above,1679
160614_video_above,1680
160614_video_above,1681
160614_video_above,1682
160614_video_above,1683
160614_video_above,1684
160614_video_above,1685
160614_video_above,1686
160614_video_above,1687
160614_video_above,1688
160614_video_above,1689
160614_video_above,1690
160614_video_above,1691
160614_video_above,1692
160614_video_above,1693
160614_video_above,1694
160614_video_above,1695
160614_video_above,1696
160614_video_above,1697
160614_video_above,1698
160614_video_above,1699
160614_video_above,1700
160614_video_above,1701
160614_video_above,1702
160614_video_above,1703
160614_video_above,1704
160614_video_above,1705
160614_video_above,1706
160614_video_above,1707
160614_video_above,1708
160614_video_above,1709
160614_video_above,1710
160614_video_above,1711
160614_video_above,1712
160614_video_above,1713
160614_video_above,1714
160614_video_above,1715
160614_video_above,1716
160614_video_above,1717
160614_video_above,1718
160614_video_above,1719
160614_video_above,1720
160614_video_above,1721
160614_video_above,1722
160614_video_above,1723
160614_video_above,1724
160614_video_above,1725
160614_video_above,1726
160614_video_above,1727
160614_video_above,1728
160614_video_above,1729
160614_video_above,1730
160614_video_above,1731
160614_video_above,1732
160614_video_above,1733
160614_video_above,1734
160614_video_above,1735
160614_video_above,1736
160614_video_above,1737
160614_video_above,1738
160614_video_above,1739
160614_video_above,1740
160614_video_above,1741
160614_video_above,1742
160614_video_above,1743
160614_video_above,1744
160614_video_above,1745
160614_video_above,1746
160614_video_above,1747
160614_video_above,1748
160614_video_above,1749
160614_video_above,1750
160614_video_above,1751
160614_video_above,1752
160614_video_above,1753
160614_video_above,1754
160614_video_above,1755
160614_video_above,1756
160614_video_above,1757
160614_video_above,1758
160614_video_above,1759
160614_video_above,1760
160614_video_above,1761
160614_video_above,1762
160614_video_above,1763
160614_video_above,1764
160614_video_above,1765
160614_video_above,1766
160614_video_above,1767
160614_video_above,1768
160614_video_above,1769
160614_video_above,1770
160614_video_above,1771
160614_video_above,1772
160614_video_above,1773
160614_video_above,1774
160614_video_above,1835
160614_video_above,1836
160614_video_above,1837
160614_video_above,1838
160614_video_above,1839
160614_video_above,1840
160614_video_above,1841
160614_video_above,1842
160614_video_above,1843
160614_video_above,1844
160614_video_above,1845
160614_video_above,1846
160614_video_above,1847
160614_video_above,1848
160614_video_above,1854
160614_video_above,1855
160614_video_above,1856
160614_video_above,1857
160614_video_above,1858
160614_video_above,1859
160614_video_above,1860
160614_video_above,1861
160614_video_above,1862
160614_video_above,1863
160614_video_above,1864
160614_video_above,1865
160614_video_above,1866
160614_video_above,1867
160614_video_above,1868
160614_video_above,1869
160614_video_above,1870
160614_video_above,1871
160614_video_above,1872
160614_video_above,1873
160614_video_above,1874
160614_video_above,1875
160614_video_above,1876
160614_video_above,1877
160614_video_above,1878
160614_video_above,1879
160614_video_above,1880
160614_video_above,1881
160614_video_above,1882
160614_video_above,1883
160614_video_above,1884
160614_video_above,1885
160614_video_above,1886
160614_video_above,1887
160614_video_above,1888
160614_video_above,1889
160614_video_above,1890
160614_video_above,1891
160614_video_above,1892
160614_video_above,1893
160614_video_above,1894
160614_video_above,1895
160614_video_above,1896
160614_video_above,1897
160614_video_above,1898
160614_video_above,1899
160614_video_above,1900
160614_video_above,1901
160614_video_above,1902
160614_video_above,1903
160614_video_above,1904
160614_video_above,1905
160614_video_above,1906
160614_video_above,1907
160614_video_above,1908
160614_video_above,1909
160614_video_above,1910
160614_video_above,1911
160614_video_above,1912
160614_video_above,1913
160614_video_above,1914
160614_video_above,1915
160614_video_above,1916
160614_video_above,1917
160614_video_above,1918
160614_video_above,1919
160614_video_above,1920
160614_video_above,1921
160614_video_above,1922
160614_video_above,1923
160614_video_above,1924
160614_video_above,1925
160614_video_above,1926
160614_video_above,1927
160614_video_above,1928
160614_video_above,1929
160614_video_above,1930
160614_video_above,1931
160614_video_above,1932
160614_video_above,1933
160614_video_above,1934
160614_video_above,1935
160614_video_above,1936
160614_video_above,1937
160614_video_above,1938
160614_video_above,1939
160614_video_above,1940
160614_video_above,1941
160614_video_above,1942
160614_video_above,1943
160614_video_above,1944
160614_video_above,1945
160614_video_above,1946
160614_video_above,1947
160614_video_above,1948
160614_video_above,1949
160614_video_above,1950
160614_video_above,1951
160614_video_above,1952
160614_video_above,1953
160614_video_above,1954
160614_video_above,1955
160614_video_above,1956
160614_video_above,1957
160614_video_above,1958
160614_video_above,1959
160614_video_above,1960
160614_video_above,1961
160614_video_above,1962
160614_video_above,1963
160614_video_above,1964
160614_video_above,1965
160614_video_above,1966
160614_video_above,1967
160614_video_above,1968
160614_video_above,1969
160614_video_above,1970
160614_video_above,1971
160614_video_above,1972
160614_video_above,1973
160614_video_above,1974
160614_video_above,1975
160614_video_above,1976
160614_video_above,1977
160614_video_above,1978
160614_video_above,1979
160614_video_above,1980
160614_video_above,1981
160614_video_above,1982
160614_video_above,1983
160614_video_above,1984
160614_video_above,1985
160614_video_above,1986
160614_video_above,1987
160614_video_above,1988
160614_video_above,1989
160614_video_above,1990
160614_video_above,1991
160614_video_above,1992
160614_video_above,1993
160614_video_above,1994
160614_video_above,1995
160614_video_above,1996
160614_video_above,1997
160614_video_above,1998
160615_video_above,0721
160615_video_above,0722
160615_video_above,0723
160615_video_above,0724
160615_video_above,0725
160615_video_above,0726
160615_video_above,0727
160615_video_above,0728
160615_video_above,0729
160615_video_above,0730
160615_video_above,0731
160615_video_above,0732
160615_video_above,0733
160615_video_above,0734
160615_video_above,0735
160615_video_above,0736
160615_video_above,0737
160615_video_above,0738
160615_video_above,0739
160615_video_above,0740
160615_video_above,0741
160615_video_above,0742
160615_video_above,0743
160615_video_above,0744
160615_video_above,0745
160615_video_above,0746
160615_video_above,0747
160615_video_above,0748
160615_video_above,0749
160615_video_above,0750
160615_video_above,0751
160615_video_above,0752
160615_video_above,0753
160615_video_above,0754
160615_video_above,0755
160615_video_above,0756
160615_video_above,0757
160615_video_above,0758
160615_video_above,0759
160615_video_above,0760
160615_video_above,0761
160615_video_above,0762
160615_video_above,0763
160615_video_above,0764
160615_video_above,0765
160615_video_above,0766
160615_video_above,0767
160615_video_above,0768
160615_video_above,0769
160615_video_above,0770
160615_video_above,0771
160615_video_above,0772
160615_video_above,0773
160615_video_above,0774
160615_video_above,0775
160615_video_above,0776
160615_video_above,0777
160615_video_above,0778
160615_video_above,0779
160615_video_above,0780
160615_video_above,0781
160615_video_above,0782
160615_video_above,0783
160615_video_above,0784
160615_video_above,0785
160615_video_above,0786
160615_video_above,0787
160615_video_above,0788
160615_video_above,0789
160615_video_above,0790
160615_video_above,0791
160615_video_above,0792
160615_video_above,0793
160615_video_above,0794
160615_video_above,0795
160615_video_above,0796
160615_video_above,0797
160615_video_above,0798
160615_video_above,0799
160615_video_above,0800
160615_video_above,0801
160615_video_above,0802
160615_video_above,0803
160615_video_above,0804
160615_video_above,0805
160615_video_above,0806
160615_video_above,0807
160615_video_above,0818
160615_video_above,0819
160615_video_above,0820
160615_video_above,0821
160615_video_above,0822
160615_video_above,0823
160615_video_above,0824
160615_video_above,0825
160615_video_above,0826
160615_video_above,0827
160615_video_above,0828
160615_video_above,0829
160615_video_above,0830
160615_video_above,0831
160615_video_above,0832
160615_video_above,0833
160615_video_above,0834
160615_video_above,0835
160615_video_above,0836
160615_video_above,0837
160615_video_above,0838
160615_video_above,0839
160615_video_above,0840
160615_video_above,0841
160615_video_above,0842
160615_video_above,0851
160615_video_above,0852
160615_video_above,0853
160615_video_above,0854
160615_video_above,0855
160615_video_above,0856
160615_video_above,0857
160615_video_above,0858
160615_video_above,0859
160615_video_above,0860
160615_video_above,0861
160615_video_above,0862
160615_video_above,0863
160615_video_above,0864
160615_video_above,0865
160615_video_above,0878
160615_video_above,0879
160615_video_above,0880
160615_video_above,0881
160615_video_above,0882
160615_video_above,0918
160615_video_above,0919
160615_video_above,0920
160615_video_above,0921
160615_video_above,0922
160615_video_above,0923
160615_video_above,0924
160615_video_above,0925
160615_video_above,0926
160615_video_above,0927
160615_video_above,0928
160615_video_above,0929
160615_video_above,0930
160615_video_above,0931
160615_video_above,0932
160615_video_above,0933
160615_video_above,0934
160615_video_above,0935
160615_video_above,0936
160615_video_above,0937
160615_video_above,0938
160615_video_above,0939
160615_video_above,0940
160615_video_above,0941
160615_video_above,0942
160615_video_above,0943
160615_video_above,0944
160615_video_above,0945
160615_video_above,0946
160615_video_above,0947
160615_video_above,0948
160615_video_above,0949
160615_video_above,0950
160615_video_above,0951
160615_video_above,0952
160615_video_above,0953
160615_video_above,0954
160615_video_above,0955
160615_video_above,0956
160615_video_above,0957
160615_video_above,0958
160615_video_above,0959
160615_video_above,0960
160615_video_above,0961
160615_video_above,0962
160615_video_above,0963
160615_video_above,0964
160615_video_above,0973
160615_video_above,0974
160615_video_above,0975
160615_video_above,0978
160615_video_above,0979
160615_video_above,0980
160615_video_above,0981
160615_video_above,0982
160615_video_above,0997
160615_video_above,0998
160615_video_above,0999
160615_video_above,1000
160615_video_above,1001
160615_video_above,1002
160615_video_above,1003
160615_video_above,1004
160615_video_above,1005
160615_video_above,1006
160615_video_above,1007
160615_video_above,1008
160615_video_above,1009
160615_video_above,1010
160615_video_above,1011
160615_video_above,1012
160615_video_above,1013
160615_video_above,1014
160615_video_above,1015
160615_video_above,1016
160615_video_above,1017
160615_video_above,1028
160615_video_above,1029
160615_video_above,1030
160615_video_above,1031
160615_video_above,1032
160615_video_above,1037
160615_video_above,1038
160615_video_above,1039
160615_video_above,1040
160615_video_above,1041
160615_video_above,1042
160615_video_above,1043
160615_video_above,1044
160615_video_above,1045
160615_video_above,1046
160615_video_above,1047
160615_video_above,1048
160615_video_above,1049
160615_video_above,1050
160615_video_above,1051
160615_video_above,1052
160615_video_above,1053
160615_video_above,1054
160615_video_above,1055
160615_video_above,1056
160615_video_above,1057
160615_video_above,1058
160615_video_above,1059
160615_video_above,1060
160615_video_above,1061
160615_video_above,1062
160615_video_above,1063
160615_video_above,1064
160615_video_above,1065
160615_video_above,1066
160615_video_above,1067
160615_video_above,1089
160615_video_above,1090
160615_video_above,1091
160615_video_above,1092
160615_video_above,1093
160615_video_above,1094
160615_video_above,1095
160615_video_above,1096
160615_video_above,1097
160615_video_above,1098
160615_video_above,1099
160615_video_above,1100
160615_video_above,1101
160615_video_above,1102
160615_video_above,1103
160615_video_above,1104
160615_video_above,1105
160615_video_above,1106
160615_video_above,1107
160615_video_above,1108
160615_video_above,1109
160615_video_above,1110
160615_video_above,1111
160615_video_above,1112
160615_video_above,1113
160615_video_above,1114
160615_video_above,1115
160615_video_above,1116
160615_video_above,1117
160615_video_above,1118
160615_video_above,1119
160615_video_above,1120
160615_video_above,1121
160615_video_above,1122
160615_video_above,1123
160615_video_above,1124
160615_video_above,1125
160615_video_above,1126
160615_video_above,1127
160615_video_above,1128
160615_video_above,1129
160615_video_above,1130
160615_video_above,1176
160615_video_above,1177
160615_video_above,1178
160615_video_above,1179
160615_video_above,1180
160615_video_above,1181
160615_video_above,1182
160615_video_above,1183
160615_video_above,1184
160615_video_above,1185
160615_video_above,1186
160615_video_above,1187
160615_video_above,1188
160615_video_above,1189
160615_video_above,1190
160615_video_above,1191
160615_video_above,1192
160615_video_above,1257
160615_video_above,1258
160615_video_above,1273
160615_video_above,1274
160615_video_above,1275
160615_video_above,1303
160615_video_above,1305
160615_video_above,1306
160615_video_above,1307
160615_video_above,1311
160615_video_above,1330
160615_video_above,1331
160615_video_above,1332
160615_video_above,1333
160615_video_above,1334
160615_video_above,1335
160615_video_above,1336
160615_video_above,1337
160615_video_above,1338
160615_video_above,1339
160615_video_above,1340
160615_video_above,1341
160615_video_above,1342
160615_video_above,1353
160617_video_above,0201
160617_video_above,0202
160617_video_above,0203
160617_video_above,0204
160617_video_above,0205
160617_video_above,0206
160617_video_above,0207
160617_video_above,0208
160617_video_above,0209
160617_video_above,0210
160617_video_above,0211
160617_video_above,0212
160617_video_above,0213
160617_video_above,0214
160617_video_above,0215
160617_video_above,0216
160617_video_above,0217
160617_video_above,0218
160617_video_above,0219
160617_video_above,0220
160617_video_above,0221
160617_video_above,0222
160617_video_above,0223
160617_video_above,0224
160617_video_above,0225
160617_video_above,0226
160617_video_above,0227
160617_video_above,0228
160617_video_above,0229
160617_video_above,0230
160617_video_above,0231
160617_video_above,0232
160617_video_above,0233
160617_video_above,0236
160617_video_above,0237
160617_video_above,0238
160617_video_above,0239
160617_video_above,0240
160617_video_above,0241
160617_video_above,0242
160617_video_above,0243
160617_video_above,0244
160617_video_above,0245
160617_video_above,0246
160617_video_above,0247
160617_video_above,0248
160617_video_above,0249
160617_video_above,0250
160617_video_above,0251
160617_video_above,0252
160617_video_above,0253
160617_video_above,0254
160617_video_above,0255
160617_video_above,0256
160617_video_above,0257
160617_video_above,0258
160617_video_above,0264
160617_video_above,0279
160617_video_above,0280
160617_video_above,0281
160617_video_above,0289
160617_video_above,0290
160617_video_above,0291
160617_video_above,0292
160617_video_above,0293
160617_video_above,0294
160617_video_above,0295
160617_video_above,0296
160617_video_above,0297
160617_video_above,0298
160617_video_above,0299
160617_video_above,0300
160617_video_above,0310
160617_video_above,0311
160617_video_above,0312
160617_video_above,0328
160617_video_above,0329
160617_video_above,0330
160617_video_above,0331
160617_video_above,0332
160617_video_above,0333
160617_video_above,0334
160617_video_above,0335
160617_video_above,0336
160617_video_above,0337
160617_video_above,0338
160617_video_above,0339
160617_video_above,0340
160617_video_above,0341
160617_video_above,0369
160617_video_above,0370
160617_video_above,0371
160617_video_above,0372
160617_video_above,0373
160617_video_above,0374
160617_video_above,0375
160617_video_above,0376
160617_video_above,0377
160617_video_above,0378
160617_video_above,0428
160617_video_above,0442
160617_video_above,0443
160617_video_above,0444
160617_video_above,0445
160617_video_above,0451
160617_video_above,0452
160617_video_above,0453
160617_video_above,0454
160617_video_above,0455
160617_video_above,0456
160617_video_above,0457
160617_video_above,0458
160617_video_above,0459
160617_video_above,0460
160617_video_above,0461
160617_video_above,0462
160617_video_above,0463
160617_video_above,0464
160617_video_above,0465
160617_video_above,0466
160617_video_above,0467
160617_video_above,0468
160617_video_above,0469
160617_video_above,0470
160617_video_above,0471
160617_video_above,0472
160617_video_above,0473
160617_video_above,0474
160617_video_above,0475
160617_video_above,0476
160617_video_above,0477
160617_video_above,0478
160617_video_above,0479
160617_video_above,0480
160617_video_above,0481
160617_video_above,0482
160617_video_above,0483
160617_video_above,0484
160617_video_above,0485
160617_video_above,0486
160617_video_above,0487
160617_video_above,0488
160617_video_above,0489
160617_video_above,0490
160617_video_above,0491
160617_video_above,0496
160617_video_above,0497
160617_video_above,0498
160617_video_above,0499
160617_video_above,0500
160617_video_above,0501
160617_video_above,0511
160617_video_above,0512
160617_video_above,0513
160617_video_above,0514
160617_video_above,0515
160617_video_above,0516
160617_video_above,0517
160617_video_above,0518
160617_video_above,0519
160617_video_above,0520
160617_video_above,0521
160617_video_above,0522
160617_video_above,0523
160617_video_above,0524
160617_video_above,0525
160617_video_above,0526
160617_video_above,0527
160617_video_above,0528
160617_video_above,0529
160617_video_above,0530
160617_video_above,0531
160617_video_above,0532
160617_video_above,0533
160617_video_above,0534
160617_video_above,0535
160617_video_above,0536
160617_video_above,0537
160617_video_above,0538
160617_video_above,0539
160617_video_above,0540
160617_video_above,0541
160617_video_above,0542
160617_video_above,0543
160617_video_above,0544
160617_video_above,0545
160617_video_above,0546
160617_video_above,0547
160617_video_above,0548
160617_video_above,0549
160617_video_above,0550
160617_video_above,0551
160617_video_above,0552
160617_video_above,0553
160617_video_above,0554
160617_video_above,0555
160617_video_above,0556
160617_video_above,0564
160617_video_above,0565
160617_video_above,0566
160617_video_above,0567
160617_video_above,0568
160617_video_above,0569
160617_video_above,0570
160617_video_above,0571
160617_video_above,0572
160617_video_above,0573
160617_video_above,0574
160617_video_above,0575
160617_video_above,0576
160617_video_above,0577
160617_video_above,0578
160617_video_above,0579
160617_video_above,0580
160617_video_above,0581
160617_video_above,0582
160617_video_above,0583
160617_video_above,0584
160617_video_above,0585
160617_video_above,0586
160617_video_above,0587
160617_video_above,0588
160617_video_above,0589
160617_video_above,0590
160617_video_above,0591
160617_video_above,0592
160617_video_above,0593
160617_video_above,0594
160617_video_above,0595
160617_video_above,0596
160617_video_above,0597
160617_video_above,0598
160617_video_above,0599
160617_video_above,0600
160617_video_above,0601
160617_video_above,0602
160617_video_above,0603
160617_video_above,0604
160617_video_above,0605
160617_video_above,0606
160617_video_above,0607
160617_video_above,0608
160617_video_above,0609
160617_video_above,0610
160617_video_above,0611
160617_video_above,0612
160617_video_above,0613
160617_video_above,0614
160617_video_above,0615
160617_video_above,0616
160617_video_above,0617
160617_video_above,0618
160617_video_above,0619
160617_video_above,0620
160617_video_above,0621
160617_video_above,0622
160617_video_above,0623
160617_video_above,0624
160617_video_above,0625
160617_video_above,0626
160617_video_above,0627
160617_video_above,0628
160617_video_above,0629
160617_video_above,0630
160617_video_above,0631
160617_video_above,0632
160617_video_above,0633
160617_video_above,0634
160617_video_above,0635
160617_video_above,0636
160617_video_above,0637
160617_video_above,0638
160617_video_above,0639
160617_video_above,0640
160617_video_above,0641
160617_video_above,0642
160617_video_above,0643
160617_video_above,0644
160617_video_above,0645
160617_video_above,0646
160617_video_above,0647
160617_video_above,0648
160617_video_above,0649
160617_video_above,0650
160617_video_above,0651
160617_video_above,0652
160617_video_above,0653
160617_video_above,0654
160617_video_above,0655
160617_video_above,0656
160617_video_above,0657
160617_video_above,0658
160617_video_above,0659
160617_video_above,0660
160617_video_above,0661
160617_video_above,0662
160617_video_above,0663
160617_video_above,0664
160617_video_above,0665
160617_video_above,0666
160617_video_above,0667
160617_video_above,0668
160617_video_above,0669
160617_video_above,0670
160617_video_above,0671
160617_video_above,0672
160617_video_above,0673
160617_video_above,0674
160617_video_above,0675
160617_video_above,0676
160617_video_above,0677
160617_video_above,0678
160617_video_above,0679
160617_video_above,0680
160617_video_above,0681
160617_video_above,0682
160617_video_above,0683
160617_video_above,0684
160617_video_above,0685
160617_video_above,0686
160617_video_above,0687
160617_video_above,0688
160617_video_above,0689
160617_video_above,0690
160617_video_above,0691
160617_video_above,0692
160617_video_above,0693
160617_video_above,0694
160617_video_above,0695
160617_video_above,0696
160617_video_above,0697
160617_video_above,0698
160617_video_above,0699
160617_video_above,0700
160617_video_above,0701
160617_video_above,0702
160617_video_above,0703
160617_video_above,0704
160617_video_above,0705
160617_video_above,0706
160617_video_above,0707
160617_video_above,0708
160617_video_above,0709
160617_video_above,0710
160617_video_above,0711
160617_video_above,0712
160617_video_above,0713
160617_video_above,0714
160617_video_above,0715
160617_video_above,0716
160617_video_above,0717
160617_video_above,0718
160617_video_above,0719
160617_video_above,0720
160617_video_above,0721
160617_video_above,0765
160617_video_above,0766
160617_video_above,0767
160617_video_above,0768
160617_video_above,0769
160617_video_above,0784
160617_video_above,0785
160617_video_above,0786
160617_video_above,0787
160617_video_above,0793
160617_video_above,0825
160617_video_above,0826
160617_video_above,0827
160617_video_above,0835
160617_video_above,0836
160617_video_above,0837
160617_video_above,0838
160617_video_above,0859
160617_video_above,0860
160617_video_above,0861
160617_video_above,0862
160617_video_above,0863
160617_video_above,0864
160617_video_above,0865
160617_video_above,0866
160617_video_above,0867
160617_video_above,0868
160617_video_above,0869
160617_video_above,0870
160617_video_above,0871
160617_video_above,0872
160617_video_above,0873
160617_video_above,0874
160617_video_above,0875
160617_video_above,0876
160617_video_above,0877
160617_video_above,0878
160617_video_above,0879
160617_video_above,0880
160617_video_above,0881
160617_video_above,0882
160617_video_above,0883
160617_video_above,0884
160617_video_above,0885
160617_video_above,0886
160617_video_above,0887
160617_video_above,0888
160617_video_above,0889
160617_video_above,0890
160617_video_above,0891
160617_video_above,0892
160617_video_above,0893
160617_video_above,0894
160617_video_above,0895
160617_video_above,0896
160617_video_above,0897
160617_video_above,0898
160617_video_above,0899
160617_video_above,0900
160617_video_above,0901
160617_video_above,0902
160617_video_above,0903
160617_video_above,0904
160617_video_above,0905
160617_video_above,0906
160617_video_above,0907
160617_video_above,0908
160617_video_above,0909
160617_video_above,0910
160617_video_above,0911
160617_video_above,0912
160617_video_above,0913
160617_video_above,0914
160617_video_above,0915
160617_video_above,0916
160617_video_above,0917
160617_video_above,0918
160617_video_above,0919
160617_video_above,0920
160617_video_above,0921
160617_video_above,0922
160617_video_above,0923
160617_video_above,0924
160617_video_above,0925
160617_video_above,0926
160617_video_above,0927
160617_video_above,0928
160617_video_above,0929
160617_video_above,0930
160617_video_above,0931
160617_video_above,0932
160617_video_above,0933
160617_video_above,0934
160617_video_above,0935
160617_video_above,0936
160617_video_above,0937
160617_video_above,0938
160617_video_above,0939
160617_video_above,0940
160617_video_above,0941
160617_video_above,0942
160617_video_above,0943
160617_video_above,0944
160617_video_above,0945
160617_video_above,0946
160617_video_above,0947
160617_video_above,0948
160617_video_above,0949
160617_video_above,0950
160617_video_above,0951
160617_video_above,0952
160617_video_above,0953
160617_video_above,0954
160617_video_above,0955
160617_video_above,0956
160617_video_above,0957
160617_video_above,0958
160617_video_above,0964
160617_video_above,0965
160617_video_above,0966
160617_video_above,0967
160617_video_above,0968
160617_video_above,0969
160617_video_above,0970
160617_video_above,0971
160617_video_above,0972
160617_video_above,0973
160617_video_above,0974
160617_video_above,0975
160617_video_above,1023
160617_video_above,1024
160617_video_above,1025
160617_video_above,1026
160617_video_above,1027
160617_video_above,1028
160617_video_above,1029
160617_video_above,1030
160617_video_above,1031
160617_video_above,1032
160617_video_above,1033
160617_video_above,1034
160617_video_above,1035
160617_video_above,1036
160617_video_above,1037
160617_video_above,1038
160617_video_above,1039
160617_video_above,1040
160617_video_above,1041
160617_video_above,1042
160617_video_above,1043
160617_video_above,1044
160617_video_above,1045
160617_video_above,1046
160617_video_above,1047
160617_video_above,1048
160617_video_above,1049
160617_video_above,1050
160617_video_above,1051
160617_video_above,1052
160617_video_above,1053
160617_video_above,1054
160617_video_above,1055
160617_video_above,1056
160617_video_above,1057
160617_video_above,1058
160617_video_above,1059
160617_video_above,1060
160617_video_above,1061
160617_video_above,1062
160617_video_above,1063
160617_video_above,1064
160617_video_above,1065
160617_video_above,1066
160617_video_above,1067
160617_video_above,1068
160617_video_above,1069
160617_video_above,1070
160617_video_above,1071
160617_video_above,1072
160617_video_above,1073
160626_video_above,0904
160626_video_above,0905
160626_video_above,0906
160626_video_above,0907
160626_video_above,0908
160626_video_above,0909
160626_video_above,0910
160626_video_above,0911
160626_video_above,0912
160626_video_above,0913
160626_video_above,0914
160626_video_above,0915
160626_video_above,0916
160626_video_above,0917
160626_video_above,0918
160626_video_above,0919
160626_video_above,0920
160626_video_above,0921
160626_video_above,0922
160626_video_above,0923
160626_video_above,0924
160626_video_above,0925
160626_video_above,0926
160626_video_above,0927
160626_video_above,0928
160626_video_above,0929
160626_video_above,0930
160626_video_above,0931
160626_video_above,0932
160626_video_above,0941
160626_video_above,0942
160626_video_above,0943
160626_video_above,0944
160626_video_above,0945
160626_video_above,0946
160626_video_above,0947
160626_video_above,0948
160626_video_above,0949
160626_video_above,0950
160626_video_above,0951
160626_video_above,0952
160626_video_above,0953
160626_video_above,0954
160626_video_above,0955
160626_video_above,0956
160626_video_above,0957
160626_video_above,0958
160626_video_above,0959
160626_video_above,0960
160626_video_above,0961
160626_video_above,0962
160626_video_above,0963
160626_video_above,0964
160626_video_above,0965
160626_video_above,0966
160626_video_above,0967
160626_video_above,0968
160626_video_above,0969
160626_video_above,0970
160626_video_above,0971
160626_video_above,0972
160626_video_above,0973
160626_video_above,0974
160626_video_above,0975
160626_video_above,0976
160626_video_above,0977
160626_video_above,0978
160626_video_above,0979
160626_video_above,0980
160626_video_above,0981
160626_video_above,0982
160626_video_above,0983
160626_video_above,0984
160626_video_above,0985
160626_video_above,0986
160626_video_above,0987
160626_video_above,0988
160626_video_above,0989
160626_video_above,0990
160626_video_above,0991
160626_video_above,0992
160626_video_above,0993
160626_video_above,0994
160626_video_above,0995
160626_video_above,0996
160626_video_above,0997
160626_video_above,0998
160626_video_above,0999
160626_video_above,1000
160626_video_above,1001
160626_video_above,1002
160626_video_above,1003
160626_video_above,1004
160626_video_above,1005
160626_video_above,1006
160626_video_above,1007
160626_video_above,1008
160626_video_above,1009
160626_video_above,1010
160626_video_above,1011
160626_video_above,1012
160626_video_above,1013
160626_video_above,1014
160626_video_above,1015
160626_video_above,1016
160626_video_above,1017
160626_video_above,1018
160626_video_above,1019
160626_video_above,1020
160626_video_above,1021
160626_video_above,1022
160626_video_above,1023
160626_video_above,1024
160626_video_above,1025
160626_video_above,1026
160626_video_above,1027
160626_video_above,1028
160626_video_above,1029
160626_video_above,1030
160626_video_above,1031
160626_video_above,1032
160626_video_above,1033
160626_video_above,1034
160626_video_above,1035
160626_video_above,1036
160626_video_above,1037
160626_video_above,1038
160626_video_above,1039
160626_video_above,1040
160626_video_above,1041
160626_video_above,1042
160626_video_above,1043
160626_video_above,1044
160626_video_above,1045
160626_video_above,1046
160626_video_above,1047
160626_video_above,1048
160626_video_above,1049
160626_video_above,1050
160626_video_above,1051
160626_video_above,1052
160626_video_above,1053
160626_video_above,1054
160626_video_above,1055
160626_video_above,1056
160626_video_above,1057
160626_video_above,1058
160626_video_above,1059
160626_video_above,1060
160626_video_above,1061
160626_video_above,1062
160626_video_above,1063
160626_video_above,1064
160626_video_above,1065
160626_video_above,1066
160626_video_above,1067
160626_video_above,1068
160626_video_above,1069
160626_video_above,1070
160626_video_above,1071
160626_video_above,1072
160626_video_above,1073
160626_video_above,1074
160626_video_above,1075
160626_video_above,1076
160626_video_above,1077
160626_video_above,1078
160626_video_above,1079
160626_video_above,1080
160626_video_above,1081
160626_video_above,1082
160626_video_above,1083
160626_video_above,1084
160626_video_above,1085
160626_video_above,1086
160626_video_above,1087
160626_video_above,1088
160626_video_above,1089
160626_video_above,1090
160626_video_above,1091
160626_video_above,1092
160626_video_above,1093
160626_video_above,1094
160626_video_above,1095
160626_video_above,1096
160626_video_above,1097
160626_video_above,1098
160626_video_above,1099
160626_video_above,1100
160626_video_above,1101
160626_video_above,1102
160626_video_above,1103
160626_video_above,1104
160626_video_above,1105
160626_video_above,1106
160626_video_above,1107
160626_video_above,1108
160626_video_above,1109
160626_video_above,1110
160626_video_above,1111
160626_video_above,1112
160626_video_above,1113
160626_video_above,1114
160626_video_above,1115
160626_video_above,1116
160626_video_above,1117
160626_video_above,1118
160626_video_above,1119
160626_video_above,1120
160626_video_above,1121
160626_video_above,1122
160626_video_above,1123
160626_video_above,1124
160626_video_above,1125
160626_video_above,1126
160626_video_above,1127
160626_video_above,1128
160626_video_above,1129
160626_video_above,1130
160626_video_above,1131
160626_video_above,1132
160626_video_above,1133
160626_video_above,1134
160626_video_above,1135
160626_video_above,1136
160626_video_above,1137
160626_video_above,1138
160626_video_above,1139
160626_video_above,1140
160626_video_above,1141
160626_video_above,1142
160626_video_above,1143
160626_video_above,1144
160626_video_above,1145
160626_video_above,1146
160626_video_above,1147
160626_video_above,1148
160626_video_above,1149
160626_video_above,1150
160626_video_above,1151
160626_video_above,1152
160626_video_above,1153
160626_video_above,1154
160626_video_above,1155
160626_video_above,1156
160626_video_above,1157
160626_video_above,1158
160626_video_above,1159
160626_video_above,1160
160626_video_above,1161
160626_video_above,1162
160626_video_above,1163
160626_video_above,1164
160626_video_above,1165
160626_video_above,1166
160626_video_above,1167
160626_video_above,1168
160626_video_above,1169
160626_video_above,1170
160626_video_above,1171
160626_video_above,1172
160626_video_above,1173
160626_video_above,1174
160626_video_above,1175
160626_video_above,1176
160626_video_above,1177
160626_video_above,1178
160626_video_above,1179
160626_video_above,1180
160626_video_above,1181
160626_video_above,1182
160626_video_above,1183
160626_video_above,1184
160626_video_above,1185
160626_video_above,1186
160626_video_above,1187
160626_video_above,1188
160626_video_above,1189
160626_video_above,1190
160626_video_above,1191
160626_video_above,1192
160626_video_above,1193
160626_video_above,1194
160626_video_above,1195
160626_video_above,1196
160626_video_above,1197
160626_video_above,1198
160626_video_above,1199
160626_video_above,1200
160626_video_above,1201
160626_video_above,1202
160626_video_above,1203
160626_video_above,1204
160626_video_above,1205
160626_video_above,1206
160626_video_above,1207
160626_video_above,1208
160626_video_above,1209
160626_video_above,1210
160626_video_above,1211
160626_video_above,1212
160626_video_above,1213
160626_video_above,1214
160626_video_above,1215
160626_video_above,1216
160626_video_above,1217
160626_video_above,1218
160626_video_above,1219
160626_video_above,1220
160626_video_above,1221
160626_video_above,1222
160626_video_above,1223
160626_video_above,1224
160626_video_above,1225
160626_video_above,1226
160626_video_above,1227
160626_video_above,1228
160626_video_above,1229
160626_video_above,1230
160626_video_above,1231
160626_video_above,1232
160626_video_above,1233
160626_video_above,1234
160626_video_above,1235
160626_video_above,1236
160626_video_above,1237
160626_video_above,1238
160626_video_above,1239
160626_video_above,1240
160626_video_above,1241
160626_video_above,1242
160626_video_above,1243
160626_video_above,1244
160626_video_above,1245
160626_video_above,1246
160626_video_above,1247
160626_video_above,1248
160626_video_above,1249
160626_video_above,1250
160626_video_above,1251
160626_video_above,1252
160626_video_above,1253
160626_video_above,1254
160626_video_above,1255
160626_video_above,1256
160626_video_above,1257
160626_video_above,1258
160626_video_above,1259
160626_video_above,1260
160626_video_above,1261
160626_video_above,1262
160626_video_above,1263
160626_video_above,1264
160626_video_above,1265
160626_video_above,1266
160626_video_above,1267
160626_video_above,1268
160626_video_above,1269
160626_video_above,1270
160626_video_above,1271
160626_video_above,1272
160626_video_above,1273
160626_video_above,1274
160626_video_above,1275
160626_video_above,1276
160626_video_above,1277
160626_video_above,1278
160626_video_above,1279
160626_video_above,1280
160626_video_above,1281
160626_video_above,1282
160626_video_above,1283
160626_video_above,1284
160626_video_above,1285
160626_video_above,1286
160626_video_above,1291
160626_video_above,1292
160626_video_above,1299
160626_video_above,1300
160626_video_above,1301
160626_video_above,1302
160626_video_above,1303
160626_video_above,1304
160626_video_above,1305
160626_video_above,1306
160626_video_above,1307
160626_video_above,1308
160626_video_above,1309
160626_video_above,1310
160626_video_above,1311
160626_video_above,1312
160626_video_above,1313
160626_video_above,1314
160626_video_above,1315
160626_video_above,1316
160626_video_above,1317
160626_video_above,1318
160626_video_above,1319
160626_video_above,1320
160626_video_above,1321
160626_video_above,1322
160626_video_above,1323
160626_video_above,1324
160626_video_above,1325
160626_video_above,1326
160626_video_above,1327
160626_video_above,1328
160626_video_above,1452
160626_video_above,1453
160626_video_above,1454
160626_video_above,1455
160626_video_above,1456
160626_video_above,1457
160626_video_above,1458
160626_video_above,1459
160626_video_above,1460
160626_video_above,1461
160626_video_above,1462
160626_video_above,1463
160626_video_above,1464
160626_video_above,1465
160626_video_above,1466
160626_video_above,1467
160626_video_above,1468
160626_video_above,1469
160626_video_above,1470
160626_video_above,1471
160626_video_above,1472
160626_video_above,1473
160626_video_above,1474
160626_video_above,1475
160626_video_above,1476
160626_video_above,1477
160626_video_above,1478
160626_video_above,1479
160626_video_above,1480
160626_video_above,1481
160626_video_above,1482
160626_video_above,1483
160626_video_above,1502
160626_video_above,1503
160626_video_above,1526
160626_video_above,1527
160626_video_above,1528
160626_video_above,1529
160626_video_above,1530
160626_video_above,1531
160626_video_above,1532
160626_video_above,1533
160626_video_above,1534
160626_video_above,1535
160626_video_above,1536
160626_video_above,1537
160626_video_above,1538
160626_video_above,1539
160626_video_above,1540
160626_video_above,1541
160626_video_above,1542
160626_video_above,1543
160626_video_above,1544
160626_video_above,1545
160626_video_above,1546
160626_video_above,1547
160626_video_above,1548
160626_video_above,1549
160626_video_above,1550
160626_video_above,1551
160626_video_above,1552
160626_video_above,1553
160626_video_above,1554
160626_video_above,1555
160626_video_above,1556
160626_video_above,1557
160626_video_above,1558
160626_video_above,1559
160626_video_above,1560
160626_video_above,1561
160626_video_above,1562
160626_video_above,1563
160626_video_above,1564
160626_video_above,1565
160626_video_above,1566
160626_video_above,1567
160626_video_above,1568
160626_video_above,1569
160626_video_above,1570
160626_video_above,1571
160626_video_above,1572
160626_video_above,1573
160626_video_above,1574
160626_video_above,1575
160626_video_above,1576
160626_video_above,1577
160626_video_above,1578
160626_video_above,1654
160626_video_above,1655
160626_video_above,1656
160626_video_above,1657
160626_video_above,1658
160626_video_above,1659
160626_video_above,1660
160626_video_above,1661
160626_video_above,1662
160626_video_above,1686
160626_video_above,1687
160626_video_above,1688
160626_video_above,1689
160626_video_above,1690
160626_video_above,1691
160626_video_above,1692
160626_video_above,1693
160626_video_above,1698
160626_video_above,1699
160626_video_above,1700
160626_video_above,1701
160626_video_above,1702
160626_video_above,1703
160626_video_above,1709
160626_video_above,1758
160626_video_above,1759
160626_video_above,1760
160626_video_above,1761
160626_video_above,1775
160626_video_above,1776
160626_video_above,1777
160626_video_above,1778
160626_video_above,1784
160626_video_above,1785
160626_video_above,1786
160626_video_above,1787
160626_video_above,1788
160626_video_above,1789
160626_video_above,1790
160626_video_above,1791
160626_video_above,1792
160626_video_above,1793
160626_video_above,1794
160626_video_above,1795
160626_video_above,1796
160626_video_above,1797
160626_video_above,1798
160626_video_above,1799
160626_video_above,1800
160626_video_above,1801
160626_video_above,1802
160626_video_above,1803
160626_video_above,1804
160626_video_above,1805
160626_video_above,1806
160626_video_above,1807
160626_video_above,1808
160626_video_above,1809
160626_video_above,1810
160626_video_above,1811
160626_video_above,1812
160626_video_above,1813
160626_video_above,1814
160626_video_above,1815
160626_video_above,1816
160626_video_above,1817
160626_video_above,1818
160626_video_above,1819
160626_video_above,1820
160626_video_above,1821
160626_video_above,1822
160626_video_above,1823
160626_video_above,1824
160626_video_above,1825
160626_video_above,1826
160626_video_above,1827
160626_video_above,1828
160626_video_above,1829
160626_video_above,1830
160626_video_above,1831
160626_video_above,1832
160626_video_above,1833
160626_video_above,1834
160626_video_above,1835
160626_video_above,1836
160626_video_above,1837
160626_video_above,1838
160626_video_above,1839
160626_video_above,1840
160626_video_above,1841
160626_video_above,1842
160626_video_above,1843
160626_video_above,1844
160626_video_above,1845
160626_video_above,1846
160626_video_above,1847
160626_video_above,1848
160626_video_above,1849
160626_video_above,1850
160626_video_above,1851
160626_video_above,1852
160626_video_above,1853
160626_video_above,1854
160626_video_above,1855
160626_video_above,1856
160626_video_above,1857
160626_video_above,1858
160626_video_above,1859
160626_video_above,1860
160626_video_above,1861
160626_video_above,1862
160626_video_above,1863
160626_video_above,1864
160626_video_above,1865
160626_video_above,1866
160626_video_above,1867
160626_video_above,1868
160626_video_above,1869
160626_video_above,1870
160626_video_above,1871
160626_video_above,1872
160626_video_above,1873
160626_video_above,1874
160626_video_above,1875
160626_video_above,1876
160626_video_above,1877
160626_video_above,1882
160626_video_above,1883
160626_video_above,1892
160626_video_above,1893
160626_video_above,1894
160626_video_above,1895
160626_video_above,1896
160626_video_above,1897
160626_video_above,1898
160626_video_above,1899
160626_video_above,1900
160626_video_above,1901
160626_video_above,1902
160626_video_above,1903
160626_video_above,1904
160626_video_above,1905
160626_video_above,1906
160626_video_above,1907
160626_video_above,1908
160626_video_above,1909
160626_video_above,1910
160626_video_above,1911
160626_video_above,1912
160626_video_above,1913
160626_video_above,1914
160626_video_above,1918
160626_video_above,1919
160626_video_above,1920
160626_video_above,1921
160626_video_above,1922
160626_video_above,1923
160626_video_above,1924
160626_video_above,1925
160626_video_above,1926
160626_video_above,1927
160626_video_above,1928
160626_video_above,1929
160626_video_above,1930
160626_video_above,1931
160626_video_above,1932
160626_video_above,1933
160626_video_above,1934
160626_video_above,1935
160626_video_above,1936
160626_video_above,1937
160626_video_above,1938
160626_video_above,1939
160626_video_above,1940
160626_video_above,1941
160626_video_above,1942
160626_video_above,1943
160626_video_above,1944
160626_video_above,1945
160626_video_above,1946
160626_video_above,1947
160626_video_above,1948
160626_video_above,1949
160626_video_above,1950
160626_video_above,1951
160626_video_above,1952
160626_video_above,1953
160626_video_above,1954
160626_video_above,1955
160626_video_above,1956
160626_video_above,1957
160626_video_above,1958
160626_video_above,1959
160626_video_above,1960
160626_video_above,1961
160626_video_above,1962
160626_video_above,1963
160626_video_above,1964
160626_video_above,1965
160626_video_above,1966
160626_video_above,1967
160626_video_above,1968
160626_video_above,1969
160626_video_above,1970
160626_video_above,1971
160626_video_above,1972
160626_video_above,1973
160626_video_above,1974
160626_video_above,1975
160626_video_above,1976
160626_video_above,1977
160626_video_above,1978
160626_video_above,1979
160626_video_above,1980
160626_video_above,1981
160626_video_above,1982
160626_video_above,1983
160626_video_above,1984
160626_video_above,1985
160626_video_above,1986
160626_video_above,1987
160626_video_above,1988
160626_video_above,1989
160626_video_above,1990
160626_video_above,1991
160626_video_above,1992
160626_video_above,1993
160626_video_above,1994
160626_video_above,1995
160626_video_above,1996
160626_video_above,1997
160626_video_above,1998
160626_video_above,1999
160626_video_above,2000
160626_video_above,2001
160626_video_above,2002
160626_video_above,2003
160626_video_above,2004
160626_video_above,2005
160626_video_above,2006
160626_video_above,2007
160626_video_above,2008
160626_video_above,2009
160626_video_above,2010
160626_video_above,2011
160626_video_above,2012
160626_video_above,2013
160626_video_above,2014
160626_video_above,2015
160626_video_above,2016
160626_video_above,2017
160626_video_above,2018
160626_video_above,2019
160626_video_above,2020
160626_video_above,2021
160626_video_above,2022
160626_video_above,2023
160626_video_above,2024
160626_video_above,2025
160626_video_above,2026
160626_video_above,2027
160626_video_above,2028
160626_video_above,2029
160626_video_above,2030
160626_video_above,2031
160626_video_above,2032
160626_video_above,2033
160626_video_above,2034
160626_video_above,2035
160626_video_above,2036
160626_video_above,2037
160626_video_above,2038
160626_video_above,2039
160626_video_above,2040
160626_video_above,2041
160626_video_above,2042
160626_video_above,2043
160626_video_above,2044
160626_video_above,2045
160626_video_above,2046
160626_video_above,2047
160626_video_above,2048
160626_video_above,2049
160626_video_above,2050
160626_video_above,2051
160626_video_above,2052
160626_video_above,2053
160626_video_above,2054
160626_video_above,2055
160626_video_above,2056
160626_video_above,2057
160626_video_above,2058
160626_video_above,2059
160626_video_above,2060
160626_video_above,2061
160626_video_above,2062
160626_video_above,2063
160626_video_above,2064
160626_video_above,2065
160626_video_above,2066
160626_video_above,2067
160626_video_above,2068
160626_video_above,2069
160626_video_above,2070
160626_video_above,2071
160626_video_above,2072
160626_video_above,2073
160626_video_above,2074
160626_video_above,2075
160626_video_above,2076
160626_video_above,2077
160626_video_above,2078
160626_video_above,2079
160626_video_above,2080
160626_video_above,2081
160626_video_above,2082
160626_video_above,2083
160626_video_above,2084
160626_video_above,2085
160626_video_above,2086
160626_video_above,2087
160626_video_above,2088
160626_video_above,2089
160626_video_above,2090
160626_video_above,2091
160626_video_above,2092
160626_video_above,2093
160626_video_above,2094
160626_video_above,2095
160626_video_above,2096
160626_video_above,2097
160626_video_above,2098
160626_video_above,2099
160626_video_above,2100
160626_video_above,2101
160626_video_above,2102
160626_video_above,2103
160626_video_above,2104
160626_video_above,2105
160626_video_above,2106
160626_video_above,2107
160626_video_above,2108
160626_video_above,2109
160626_video_above,2110
160626_video_above,2111
160626_video_above,2112
160626_video_above,2113
160626_video_above,2114
160626_video_above,2115
160626_video_above,2116
160626_video_above,2117
160626_video_above,2118
160626_video_above,2119
160626_video_above,2120
160626_video_above,2121
160626_video_above,2122
160626_video_above,2123
160626_video_above,2124
160626_video_above,2125
160626_video_above,2126
160626_video_above,2127
160626_video_above,2128
160626_video_above,2129
160626_video_above,2130
160626_video_above,2131
160626_video_above,2132
160626_video_above,2133
160626_video_above,2134
160626_video_above,2135
160626_video_above,2136
160626_video_above,2137
160626_video_above,2138
160626_video_above,2139
160626_video_above,2140
160626_video_above,2141
160626_video_above,2142
160626_video_above,2143
160626_video_above,2144
160626_video_above,2145
160626_video_above,2146
160626_video_above,2147
160626_video_above,2148
160626_video_above,2149
160626_video_above,2150
160626_video_above,2151
160626_video_above,2152
160626_video_above,2153
160626_video_above,2154
160626_video_above,2155
160626_video_above,2156
160626_video_above,2157
160626_video_above,2158
160626_video_above,2159
160626_video_above,2160
160626_video_above,2161
160626_video_above,2162
160626_video_above,2163
160626_video_above,2164
160626_video_above,2165
160626_video_above,2166
160626_video_above,2167
160626_video_above,2168
160626_video_above,2169
160626_video_above,2170
160626_video_above,2171
160626_video_above,2172
160626_video_above,2173
160626_video_above,2174
160626_video_above,2175
160626_video_above,2176
160626_video_above,2177
160626_video_above,2178
160626_video_above,2179
160626_video_above,2180
160626_video_above,2181
160626_video_above,2182
160626_video_above,2183
160626_video_above,2184
160626_video_above,2185
160626_video_above,2186
160626_video_above,2187
160626_video_above,2188
160626_video_above,2189
160626_video_above,2190
160626_video_above,2191
160626_video_above,2192
160626_video_above,2193
160626_video_above,2194
160626_video_above,2195
160626_video_above,2196
160626_video_above,2197
160626_video_above,2198
160626_video_above,2199
160626_video_above,2200
160626_video_above,2201
160626_video_above,2202
160626_video_above,2203
160626_video_above,2204
160626_video_above,2205
160626_video_above,2206
160626_video_above,2207
160626_video_above,2208
160626_video_above,2209
160626_video_above,2210
160626_video_above,2211
160626_video_above,2212
160626_video_above,2213
160626_video_above,2214
160626_video_above,2215
160626_video_above,2216
160626_video_above,2217
160626_video_above,2218
160626_video_above,2219
160626_video_above,2220
160626_video_above,2221
160626_video_above,2222
160626_video_above,2223
160626_video_above,2224
160626_video_above,2225
160626_video_above,2226
160626_video_above,2227
160626_video_above,2228
160626_video_above,2229
160626_video_above,2230
160626_video_above,2231
160626_video_above,2232
160626_video_above,2233
160626_video_above,2234
160626_video_above,2235
160626_video_above,2236
160626_video_above,2237
160626_video_above,2238
160626_video_above,2239
160626_video_above,2240
160626_video_above,2241
160626_video_above,2242
160626_video_above,2243
160626_video_above,2244
160626_video_above,2245
160626_video_above,2246
160626_video_above,2247
160626_video_above,2248
160626_video_above,2249
160626_video_above,2250
160626_video_above,2251
160626_video_above,2252
160626_video_above,2253
160626_video_above,2254
160626_video_above,2255
160626_video_above,2256
160626_video_above,2257
160626_video_above,2258
160626_video_above,2259
160626_video_above,2260
160626_video_above,2261
160626_video_above,2262
160626_video_above,2263
160626_video_above,2264
160626_video_above,2265
160626_video_above,2266
160626_video_above,2267
160626_video_above,2268
160626_video_above,2269
160626_video_above,2270
160626_video_above,2271
160626_video_above,2272
160626_video_above,2273
160626_video_above,2274
160626_video_above,2275
160626_video_above,2276
160626_video_above,2277
160626_video_above,2278
160626_video_above,2279
160626_video_above,2280
160626_video_above,2281
160626_video_above,2282
160626_video_above,2283
160626_video_above,2284
160626_video_above,2285
160626_video_above,2286
160626_video_above,2287
160626_video_above,2288
160626_video_above,2289
160626_video_above,2290
160626_video_above,2291
160626_video_above,2292
160626_video_above,2293
160626_video_above,2294
160626_video_above,2295
160626_video_above,2296
160626_video_above,2297
160626_video_above,2298
160626_video_above,2299
160626_video_above,2300
160626_video_above,2301
160626_video_above,2302
160626_video_above,2303
160626_video_above,2304
160626_video_above,2305
160626_video_above,2306
160626_video_above,2307
160626_video_above,2308
160626_video_above,2309
160626_video_above,2310
160626_video_above,2311
160626_video_above,2312
160626_video_above,2313
160626_video_above,2314
160626_video_above,2315
160626_video_above,2316
160626_video_above,2317
160626_video_above,2318
160626_video_above,2319
160626_video_above,2320
160626_video_above,2321
160626_video_above,2322
160626_video_above,2323
160626_video_above,2324
160626_video_above,2325
160626_video_above,2326
160626_video_above,2327
160626_video_above,2328
160626_video_above,2329
160626_video_above,2330
160626_video_above,2331
160626_video_above,2332
160626_video_above,2333
160626_video_above,2334
160626_video_above,2335
160626_video_above,2336
160626_video_above,2337
160626_video_above,2338
160626_video_above,2339
160626_video_above,2340
160626_video_above,2341
160626_video_above,2342
160626_video_above,2343
160626_video_above,2344
160626_video_above,2345
160626_video_above,2346
160626_video_above,2347
160626_video_above,2348
160626_video_above,2349
160626_video_above,2350
160626_video_above,2351
160626_video_above,2352
160626_video_above,2353
160626_video_above,2354
160626_video_above,2355
160626_video_above,2356
160626_video_above,2357
160626_video_above,2358
160626_video_above,2359
160626_video_above,2360
160626_video_above,2361
160626_video_above,2362
160626_video_above,2363
160626_video_above,2364
160626_video_above,2365
160626_video_above,2366
160626_video_above,2367
160626_video_above,2368
160626_video_above,2369
160626_video_above,2370
160626_video_above,2371
160626_video_above,2372
160626_video_above,2373
160626_video_above,2374
160626_video_above,2375
160626_video_above,2376
160626_video_above,2377
160626_video_above,2378
160626_video_above,2379
160626_video_above,2380
160626_video_above,2381
160626_video_above,2382
160626_video_above,2383
160626_video_above,2457
160626_video_above,2458
160626_video_above,2459
160626_video_above,2460
160626_video_above,2461
160626_video_above,2462
160626_video_above,2463
160626_video_above,2464
160626_video_above,2465
160626_video_above,2466
160626_video_above,2467
160626_video_above,2468
160626_video_above,2469
160626_video_above,2470
160626_video_above,2471
160626_video_above,2472
160626_video_above,2473
160626_video_above,2474
160626_video_above,2475
160626_video_above,2476
160626_video_above,2477
160626_video_above,2478
160626_video_above,2479
160626_video_above,2480
160626_video_above,2481
160626_video_above,2482
160626_video_above,2505
160626_video_above,2506
160626_video_above,2507
160626_video_above,2508
160626_video_above,2514
160626_video_above,2515
160626_video_above,2516
160626_video_above,2517
160626_video_above,2518
160626_video_above,2519
160626_video_above,2520
160626_video_above,2521
160626_video_above,2522
160626_video_above,2523
160626_video_above,2524
160626_video_above,2525
160626_video_above,2526
160626_video_above,2527
160626_video_above,2528
160626_video_above,2529
160626_video_above,2530
160626_video_above,2531
160626_video_above,2532
160626_video_above,2533
160626_video_above,2534
160626_video_above,2535
160626_video_above,2536
160626_video_above,2545
160626_video_above,2546
160626_video_above,2547
160626_video_above,2548
160626_video_above,2549
160626_video_above,2550
160626_video_above,2551
160626_video_above,2552
160626_video_above,2553
160626_video_above,2554
160626_video_above,2555
160626_video_above,2556
160626_video_above,2557
160626_video_above,2558
160626_video_above,2559
160626_video_above,2560
160626_video_above,2561
160626_video_above,2562
160626_video_above,2563
160626_video_above,2564
160626_video_above,2565
160626_video_above,2566
160626_video_above,2567
160626_video_above,2568
160626_video_above,2569
160626_video_above,2570
160626_video_above,2571
160626_video_above,2576
160626_video_above,2577
160626_video_above,2578
160626_video_above,2579
160626_video_above,2580
160626_video_above,2581
160626_video_above,2582
160626_video_above,2583
160626_video_above,2584
160626_video_above,2585
160626_video_above,2586
160626_video_above,2587
160626_video_above,2588
160626_video_above,2589
160626_video_above,2590
160626_video_above,2591
160626_video_above,2592
160626_video_above,2593
160626_video_above,2595
160626_video_above,2596
160626_video_above,2597
160626_video_above,2598
160626_video_above,2599
160626_video_above,2600
160626_video_above,2601
160626_video_above,2602
160626_video_above,2603
160626_video_above,2604
160626_video_above,2605
160626_video_above,2606
160626_video_above,2607
160626_video_above,2608
160626_video_above,2609
160626_video_above,2610
160626_video_above,2611
160626_video_above,2612
160626_video_above,2613
160626_video_above,2614
160626_video_above,2615
160626_video_above,2616
160626_video_above,2617
160626_video_above,2618
160626_video_above,2619
160626_video_above,2620
160626_video_above,2621
160626_video_above,2622
160626_video_above,2623
160626_video_above,2624
160626_video_above,2625
160626_video_above,2626
160626_video_above,2627
160626_video_above,2628
160626_video_above,2629
160626_video_above,2630
160626_video_above,2631
160626_video_above,2632
160626_video_above,2633
160626_video_above,2634
160626_video_above,2635
160626_video_above,2636
160626_video_above,2637
160626_video_above,2638
160626_video_above,2639
160626_video_above,2640
160626_video_above,2641
160626_video_above,2642
160626_video_above,2643
160626_video_above,2644
160626_video_above,2645
160626_video_above,2646
160626_video_above,2647
160626_video_above,2648
160626_video_above,2649
160626_video_above,2650
160626_video_above,2663
160626_video_above,2664
160626_video_above,2665
160626_video_above,2666
160626_video_above,2667
160626_video_above,2668
160626_video_above,2669
160626_video_above,2670
160626_video_above,2671
160626_video_above,2672
160626_video_above,2673
160626_video_above,2674
160626_video_above,2675
160626_video_above,2676
160626_video_above,2677
160626_video_above,2678
160626_video_above,2679
160626_video_above,2680
160626_video_above,2681
